id,fecha,lugar_id,rut,nombres,apellido1,apellido2,sangre
8,2017-06-27,2,1-9,1-9,,,
9,2016-08-09,2,2-7,2-7,,,
10,2018-04-16,2,2-7,2-7,,,
11,2019-03-26,2,2-7,2-7,,,
12,2016-06-22,2,3-5,3-5,,,
13,2018-08-06,2,3-5,3-5,,,
14,2019-03-26,2,3-5,3-5,,,
15,2017-09-11,2,4-3,4-3,,,
16,2015-05-05,2,5-1,5-1,,,
17,2015-05-04,2,6-K,6-K,,,
18,2016-01-14,2,6-K,6-K,,,
19,2019-03-28,2,7-8,7-8,,,
20,2015-10-08,2,8-6,8-6,,,
21,2017-06-27,2,8-6,8-6,,,
22,2017-09-11,2,9-4,9-4,,,
23,2016-01-13,2,10-8,10-8,,,
24,2017-03-14,2,10-8,10-8,,,
25,2016-06-23,2,11-6,11-6,,,
26,2017-09-13,2,11-6,11-6,,,
27,2018-03-26,2,11-6,11-6,,,
28,2016-08-12,2,12-4,12-4,,,
29,2017-12-01,2,12-4,12-4,,,
30,2016-04-07,2,13-2,13-2,,,
31,2018-08-08,2,13-2,13-2,,,
32,2019-08-21,2,13-2,13-2,,,
33,2018-03-29,2,14-0,14-0,,,
34,2018-03-27,2,15-9,15-9,,,
35,2018-03-27,2,16-7,16-7,,,
36,2016-08-10,2,17-5,17-5,,,
37,2017-09-11,2,17-5,17-5,,,
38,2016-08-09,2,18-3,18-3,,,
39,2016-01-14,2,19-1,19-1,,,
40,2017-09-12,2,19-1,19-1,,,
41,2015-05-06,2,20-5,20-5,,,
42,2018-09-10,2,20-5,20-5,,,
43,2016-01-13,2,21-3,21-3,,,
44,2017-11-30,2,21-3,21-3,,,
45,2018-04-20,2,21-3,21-3,,,
46,2019-08-20,2,21-3,21-3,,,
47,2019-08-21,2,22-1,22-1,,,
48,2018-08-07,2,23-K,23-K,,,
49,2019-03-28,2,24-8,24-8,,,
50,2015-10-07,2,25-6,25-6,,,
51,2015-05-06,2,26-4,26-4,,,
52,2018-03-29,2,27-2,27-2,,,
53,2015-12-16,2,28-0,28-0,,,
54,2015-05-05,2,29-9,29-9,,,
55,2017-01-12,2,29-9,29-9,,,
56,2018-11-13,2,29-9,29-9,,,
57,2019-08-21,2,29-9,29-9,,,
58,2019-08-20,2,30-2,30-2,,,
59,2016-08-11,2,31-0,31-0,,,
60,2017-03-14,2,31-0,31-0,,,
61,2015-05-07,2,32-9,32-9,,,
62,2015-12-16,2,33-7,33-7,,,
63,2016-11-22,2,33-7,33-7,,,
64,2017-03-16,2,33-7,33-7,,,
65,2018-03-28,2,33-7,33-7,,,
66,2018-09-11,2,33-7,33-7,,,
67,2019-04-11,2,33-7,33-7,,,
68,2019-09-11,2,33-7,33-7,,,
69,2015-05-06,2,34-5,34-5,,,
70,2018-09-12,2,35-3,35-3,,,
71,2019-03-25,2,35-3,35-3,,,
72,2016-08-09,2,36-1,36-1,,,
73,2019-03-26,2,37-K,37-K,,,
74,2019-08-21,2,37-K,37-K,,,
75,2018-08-03,2,38-8,38-8,,,
76,2015-05-05,2,39-6,39-6,,,
77,2016-04-05,2,39-6,39-6,,,
78,2016-11-21,2,39-6,39-6,,,
79,2017-03-14,2,39-6,39-6,,,
80,2018-03-27,2,40-K,40-K,,,
81,2015-05-05,2,41-8,41-8,,,
82,2015-11-02,2,42-6,42-6,,,
83,2018-03-27,2,43-4,43-4,,,
84,2018-08-08,2,44-2,44-2,,,
85,2018-03-27,2,45-0,45-0,,,
86,2018-03-29,2,46-9,46-9,,,
87,2018-03-29,2,47-7,47-7,,,
88,2018-08-09,2,48-5,48-5,,,
89,2019-08-20,2,49-3,49-3,,,
90,2017-12-01,2,50-7,50-7,,,
91,2015-05-04,2,51-5,51-5,,,
92,2016-06-22,2,52-3,52-3,,,
93,2016-11-21,2,52-3,52-3,,,
94,2017-03-13,2,52-3,52-3,,,
95,2017-09-13,2,52-3,52-3,,,
96,2018-03-28,2,52-3,52-3,,,
97,2018-08-06,2,52-3,52-3,,,
98,2018-11-14,2,52-3,52-3,,,
99,2018-03-29,2,53-1,53-1,,,
100,2015-05-05,2,54-K,54-K,,,
101,2017-09-12,2,55-8,55-8,,,
102,2015-05-06,2,56-6,56-6,,,
103,2015-10-08,2,56-6,56-6,,,
104,2016-08-10,2,56-6,56-6,,,
105,2016-08-11,2,57-4,57-4,,,
106,2017-03-13,2,57-4,57-4,,,
107,2017-09-11,2,57-4,57-4,,,
108,2018-08-07,2,57-4,57-4,,,
109,2016-06-23,2,58-2,58-2,,,
110,2018-04-20,2,59-0,59-0,,,
111,2017-01-12,2,60-4,60-4,,,
112,2018-04-05,2,61-2,61-2,,,
113,2019-03-25,2,62-0,62-0,,,
114,2016-08-11,2,63-9,63-9,,,
115,2015-06-03,2,64-7,64-7,,,
116,2015-12-16,2,65-5,65-5,,,
117,2016-11-23,2,65-5,65-5,,,
118,2019-03-27,2,65-5,65-5,,,
119,2019-08-21,2,65-5,65-5,,,
120,2017-09-12,2,66-3,66-3,,,
121,2018-08-07,2,66-3,66-3,,,
122,2017-03-16,2,67-1,67-1,,,
123,2018-03-29,2,67-1,67-1,,,
124,2018-10-31,2,67-1,67-1,,,
125,2015-10-08,2,68-K,68-K,,,
126,2015-06-03,2,69-8,69-8,,,
127,2017-03-15,2,69-8,69-8,,,
128,2018-08-07,2,69-8,69-8,,,
129,2018-04-20,2,70-1,70-1,,,
130,2019-08-22,2,71-K,71-K,,,
131,2019-08-22,2,72-8,72-8,,,
132,2018-03-29,2,73-6,73-6,,,
133,2019-03-26,2,74-4,74-4,,,
134,2019-08-22,2,75-2,75-2,,,
135,2016-08-11,2,76-0,76-0,,,
136,2018-09-11,2,77-9,77-9,,,
137,2019-08-22,2,77-9,77-9,,,
138,2018-04-18,2,78-7,78-7,,,
139,2018-09-11,2,79-5,79-5,,,
140,2019-08-20,2,79-5,79-5,,,
141,2018-08-03,2,80-9,80-9,,,
142,2015-05-07,2,81-7,81-7,,,
143,2015-10-08,2,81-7,81-7,,,
144,2016-01-13,2,82-5,82-5,,,
145,2017-03-15,2,83-3,83-3,,,
146,2017-09-11,2,83-3,83-3,,,
147,2018-09-13,2,83-3,83-3,,,
148,2015-05-04,2,84-1,84-1,,,
149,2017-09-14,2,85-K,85-K,,,
150,2018-09-11,2,85-K,85-K,,,
151,2016-08-09,2,86-8,86-8,,,
152,2019-09-11,2,87-6,87-6,,,
153,2015-10-07,2,88-4,88-4,,,
154,2017-09-13,2,88-4,88-4,,,
155,2019-04-10,2,88-4,88-4,,,
156,2018-08-07,2,89-2,89-2,,,
157,2017-11-30,2,90-6,90-6,,,
158,2019-08-21,2,91-4,91-4,,,
159,2019-03-25,2,92-2,92-2,,,
160,2017-09-12,2,93-0,93-0,,,
161,2018-04-19,2,94-9,94-9,,,
162,2015-10-08,2,95-7,95-7,,,
163,2016-08-10,2,95-7,95-7,,,
164,2016-06-23,2,96-5,96-5,,,
165,2017-09-13,2,97-3,97-3,,,
166,2018-08-02,2,97-3,97-3,,,
167,2015-05-06,2,98-1,98-1,,,
168,2015-12-16,2,98-1,98-1,,,
169,2015-05-07,2,99-K,99-K,,,
170,2018-09-12,2,99-K,99-K,,,
171,2016-11-23,2,100-7,100-7,,,
172,2018-08-08,2,101-5,101-5,,,
173,2016-04-06,2,102-3,102-3,,,
174,2017-06-27,2,102-3,102-3,,,
175,2017-11-30,2,102-3,102-3,,,
176,2018-03-26,2,102-3,102-3,,,
177,2018-10-31,2,102-3,102-3,,,
178,2019-03-26,2,102-3,102-3,,,
179,2019-08-20,2,102-3,102-3,,,
180,2015-10-08,2,103-1,103-1,,,
181,2016-01-14,2,104-K,104-K,,,
182,2016-11-21,2,105-8,105-8,,,
183,2016-04-07,2,106-6,106-6,,,
184,2016-08-10,2,106-6,106-6,,,
185,2016-04-07,2,107-4,107-4,,,
186,2018-04-05,2,108-2,108-2,,,
187,2018-11-14,2,108-2,108-2,,,
188,2019-08-21,2,108-2,108-2,,,
189,2016-04-07,2,109-0,109-0,,,
190,2016-04-06,2,110-4,110-4,,,
191,2018-03-26,2,111-2,111-2,,,
192,2018-08-08,2,111-2,111-2,,,
193,2019-03-25,2,111-2,111-2,,,
194,2016-11-21,2,112-0,112-0,,,
195,2016-04-07,2,113-9,113-9,,,
196,2016-06-23,2,114-7,114-7,,,
197,2018-08-09,2,115-5,115-5,,,
198,2016-08-11,2,116-3,116-3,,,
199,2015-05-05,2,117-1,117-1,,,
200,2015-10-07,2,117-1,117-1,,,
201,2017-03-15,2,118-K,118-K,,,
202,2016-04-07,2,119-8,119-8,,,
203,2019-03-28,2,120-1,120-1,,,
204,2019-03-28,2,121-K,121-K,,,
205,2019-08-22,2,121-K,121-K,,,
206,2016-06-22,2,122-8,122-8,,,
207,2019-09-12,2,123-6,123-6,,,
208,2017-09-12,2,124-4,124-4,,,
209,2017-11-30,2,125-2,125-2,,,
210,2018-04-05,2,125-2,125-2,,,
211,2018-09-11,2,126-0,126-0,,,
212,2018-09-11,2,127-9,127-9,,,
213,2016-11-23,2,128-7,128-7,,,
214,2019-09-12,2,129-5,129-5,,,
215,2016-11-22,2,130-9,130-9,,,
216,2018-03-28,2,130-9,130-9,,,
217,2018-08-07,2,130-9,130-9,,,
218,2015-12-17,2,131-7,131-7,,,
219,2018-08-03,2,131-7,131-7,,,
220,2018-09-10,2,132-5,132-5,,,
221,2019-08-21,2,133-3,133-3,,,
222,2018-03-27,2,134-1,134-1,,,
223,2015-12-17,2,135-K,135-K,,,
224,2015-05-04,2,136-8,136-8,,,
225,2017-09-12,2,136-8,136-8,,,
226,2018-08-02,2,136-8,136-8,,,
227,2015-10-08,2,137-6,137-6,,,
228,2016-08-11,2,138-4,138-4,,,
229,2019-03-25,2,139-2,139-2,,,
230,2016-06-22,2,140-6,140-6,,,
231,2016-04-06,2,141-4,141-4,,,
232,2016-08-10,2,141-4,141-4,,,
233,2017-11-30,2,142-2,142-2,,,
234,2017-09-11,2,143-0,143-0,,,
235,2018-03-26,2,143-0,143-0,,,
236,2015-06-04,2,144-9,144-9,,,
237,2015-11-02,2,144-9,144-9,,,
238,2018-04-17,2,145-7,145-7,,,
239,2018-04-17,2,146-5,146-5,,,
240,2015-05-04,2,147-3,147-3,,,
241,2015-11-02,2,147-3,147-3,,,
242,2016-04-06,2,147-3,147-3,,,
243,2016-08-11,2,147-3,147-3,,,
244,2016-08-12,2,148-1,148-1,,,
245,2017-03-15,2,148-1,148-1,,,
246,2015-05-05,2,149-K,149-K,,,
247,2015-10-07,2,149-K,149-K,,,
248,2016-04-05,2,149-K,149-K,,,
249,2018-03-26,2,149-K,149-K,,,
250,2018-08-08,2,149-K,149-K,,,
251,2015-06-04,2,150-3,150-3,,,
252,2017-09-12,2,151-1,151-1,,,
253,2018-03-27,2,152-K,152-K,,,
254,2016-06-22,2,153-8,153-8,,,
255,2017-11-30,2,154-6,154-6,,,
256,2015-12-17,2,155-4,155-4,,,
257,2016-06-23,2,155-4,155-4,,,
258,2016-11-21,2,155-4,155-4,,,
259,2019-04-10,2,155-4,155-4,,,
260,2015-12-17,2,156-2,156-2,,,
261,2015-05-04,2,157-0,157-0,,,
262,2016-08-10,2,158-9,158-9,,,
263,2018-04-17,2,158-9,158-9,,,
264,2018-08-06,2,158-9,158-9,,,
265,2018-04-16,2,159-7,159-7,,,
266,2015-05-06,2,160-0,160-0,,,
267,2015-12-17,2,161-9,161-9,,,
268,2018-03-26,2,162-7,162-7,,,
269,2019-03-25,2,162-7,162-7,,,
270,2019-08-21,2,162-7,162-7,,,
271,2016-06-23,2,163-5,163-5,,,
272,2017-03-13,2,164-3,164-3,,,
273,2015-12-17,2,165-1,165-1,,,
274,2016-04-05,2,165-1,165-1,,,
275,2017-01-12,2,165-1,165-1,,,
276,2017-06-27,2,165-1,165-1,,,
277,2018-03-26,2,165-1,165-1,,,
278,2018-04-17,2,166-K,166-K,,,
279,2018-08-08,2,166-K,166-K,,,
280,2015-05-07,2,167-8,167-8,,,
281,2015-10-07,2,167-8,167-8,,,
282,2019-03-28,2,168-6,168-6,,,
283,2015-05-07,2,169-4,169-4,,,
284,2016-04-07,2,170-8,170-8,,,
285,2016-08-12,2,171-6,171-6,,,
286,2018-03-29,2,172-4,172-4,,,
287,2018-08-02,2,173-2,173-2,,,
288,2019-03-26,2,173-2,173-2,,,
289,2019-08-22,2,173-2,173-2,,,
290,2015-05-07,2,174-0,174-0,,,
291,2015-11-02,2,174-0,174-0,,,
292,2015-10-07,2,175-9,175-9,,,
293,2016-11-23,2,175-9,175-9,,,
294,2015-05-04,2,176-7,176-7,,,
295,2015-10-07,2,176-7,176-7,,,
296,2016-04-05,2,176-7,176-7,,,
297,2016-08-09,2,176-7,176-7,,,
298,2017-03-14,2,176-7,176-7,,,
299,2017-09-12,2,176-7,176-7,,,
300,2018-04-16,2,176-7,176-7,,,
301,2018-09-11,2,176-7,176-7,,,
302,2018-08-07,2,177-5,177-5,,,
303,2018-04-18,2,178-3,178-3,,,
304,2015-10-07,2,179-1,179-1,,,
305,2016-04-06,2,179-1,179-1,,,
306,2016-08-10,2,179-1,179-1,,,
307,2017-03-15,2,179-1,179-1,,,
308,2019-03-25,2,180-5,180-5,,,
309,2016-04-06,2,181-3,181-3,,,
310,2016-06-22,2,182-1,182-1,,,
311,2018-10-31,2,182-1,182-1,,,
312,2017-11-30,2,183-K,183-K,,,
313,2015-12-16,2,184-8,184-8,,,
314,2019-03-28,2,184-8,184-8,,,
315,2019-08-20,2,184-8,184-8,,,
316,2016-08-11,2,185-6,185-6,,,
317,2018-08-02,2,186-4,186-4,,,
318,2018-11-13,2,186-4,186-4,,,
319,2019-04-10,2,186-4,186-4,,,
320,2015-05-05,2,187-2,187-2,,,
321,2018-04-17,2,187-2,187-2,,,
322,2016-06-23,2,188-0,188-0,,,
323,2019-08-20,2,188-0,188-0,,,
324,2015-06-03,2,189-9,189-9,,,
325,2016-11-22,2,189-9,189-9,,,
326,2017-09-14,2,190-2,190-2,,,
327,2017-03-14,2,191-0,191-0,,,
328,2016-08-10,2,192-9,192-9,,,
329,2015-10-07,2,193-7,193-7,,,
330,2017-03-14,2,193-7,193-7,,,
331,2019-08-20,2,193-7,193-7,,,
332,2017-09-13,2,194-5,194-5,,,
333,2015-05-06,2,195-3,195-3,,,
334,2015-05-05,2,196-1,196-1,,,
335,2015-12-16,2,196-1,196-1,,,
336,2016-06-23,2,196-1,196-1,,,
337,2018-04-16,2,197-K,197-K,,,
338,2019-03-27,2,197-K,197-K,,,
339,2016-06-22,2,198-8,198-8,,,
340,2016-06-22,2,199-6,199-6,,,
341,2015-05-07,2,200-3,200-3,,,
342,2016-04-07,2,200-3,200-3,,,
343,2016-08-11,2,201-1,201-1,,,
344,2019-04-10,2,202-K,202-K,,,
345,2019-09-11,2,203-8,203-8,,,
346,2016-04-06,2,204-6,204-6,,,
347,2016-11-22,2,204-6,204-6,,,
348,2019-09-11,2,204-6,204-6,,,
349,2015-05-05,2,205-4,205-4,,,
350,2015-10-07,2,205-4,205-4,,,
351,2015-06-04,2,206-2,206-2,,,
352,2016-01-13,2,206-2,206-2,,,
353,2018-08-06,2,206-2,206-2,,,
354,2018-09-12,2,207-0,207-0,,,
355,2015-05-05,2,208-9,208-9,,,
356,2019-08-21,2,209-7,209-7,,,
357,2018-04-17,2,210-0,210-0,,,
358,2018-11-14,2,211-9,211-9,,,
359,2018-09-10,2,212-7,212-7,,,
360,2019-08-21,2,212-7,212-7,,,
361,2017-09-12,2,213-5,213-5,,,
362,2016-06-22,2,214-3,214-3,,,
363,2019-04-12,2,214-3,214-3,,,
364,2018-08-03,2,215-1,215-1,,,
365,2017-03-14,2,216-K,216-K,,,
366,2015-05-06,2,217-8,217-8,,,
367,2017-03-13,2,217-8,217-8,,,
368,2017-09-13,2,218-6,218-6,,,
369,2015-05-04,2,219-4,219-4,,,
370,2016-08-09,2,219-4,219-4,,,
371,2016-01-14,2,220-8,220-8,,,
372,2016-04-07,2,221-6,221-6,,,
373,2018-04-19,2,221-6,221-6,,,
374,2015-05-06,2,222-4,222-4,,,
375,2015-06-04,2,223-2,223-2,,,
376,2016-08-11,2,224-0,224-0,,,
377,2015-10-08,2,225-9,225-9,,,
378,2016-11-23,2,226-7,226-7,,,
379,2017-03-15,2,227-5,227-5,,,
380,2018-09-12,2,227-5,227-5,,,
381,2019-03-28,2,227-5,227-5,,,
382,2017-09-11,2,228-3,228-3,,,
383,2017-11-30,2,228-3,228-3,,,
384,2018-03-29,2,228-3,228-3,,,
385,2017-03-14,2,229-1,229-1,,,
386,2018-03-27,2,230-5,230-5,,,
387,2016-08-11,2,231-3,231-3,,,
388,2017-09-13,2,232-1,232-1,,,
389,2019-09-12,2,233-K,233-K,,,
390,2019-03-28,2,234-8,234-8,,,
391,2015-12-17,2,235-6,235-6,,,
392,2019-03-26,2,236-4,236-4,,,
393,2018-03-27,2,237-2,237-2,,,
394,2018-09-11,2,238-0,238-0,,,
395,2017-03-15,2,239-9,239-9,,,
396,2018-10-31,2,240-2,240-2,,,
397,2019-08-21,2,241-0,241-0,,,
398,2015-05-05,2,242-9,242-9,,,
399,2015-10-07,2,242-9,242-9,,,
400,2016-11-23,2,243-7,243-7,,,
401,2015-05-07,2,244-5,244-5,,,
402,2019-08-21,2,245-3,245-3,,,
403,2017-03-16,2,246-1,246-1,,,
404,2015-05-04,2,247-K,247-K,,,
405,2015-10-07,2,247-K,247-K,,,
406,2016-04-06,2,248-8,248-8,,,
407,2016-11-21,2,248-8,248-8,,,
408,2017-03-15,2,248-8,248-8,,,
409,2017-11-30,2,248-8,248-8,,,
410,2018-03-28,2,249-6,249-6,,,
411,2019-09-12,2,250-K,250-K,,,
412,2016-04-07,2,251-8,251-8,,,
413,2019-04-10,2,252-6,252-6,,,
414,2019-08-20,2,252-6,252-6,,,
415,2015-05-06,2,253-4,253-4,,,
416,2016-04-07,2,253-4,253-4,,,
417,2018-08-03,2,253-4,253-4,,,
418,2019-08-20,2,253-4,253-4,,,
419,2017-03-15,2,254-2,254-2,,,
420,2017-09-12,2,254-2,254-2,,,
421,2019-08-22,2,255-0,255-0,,,
422,2017-03-15,2,256-9,256-9,,,
423,2015-06-04,2,257-7,257-7,,,
424,2017-03-15,2,258-5,258-5,,,
425,2017-09-13,2,258-5,258-5,,,
426,2018-03-26,2,258-5,258-5,,,
427,2018-08-08,2,258-5,258-5,,,
428,2015-06-04,2,259-3,259-3,,,
429,2017-03-15,2,259-3,259-3,,,
430,2017-09-14,2,260-7,260-7,,,
431,2017-03-13,2,261-5,261-5,,,
432,2017-09-13,2,261-5,261-5,,,
433,2018-04-18,2,262-3,262-3,,,
434,2017-09-14,2,263-1,263-1,,,
435,2015-05-06,2,264-K,264-K,,,
436,2015-12-16,2,264-K,264-K,,,
437,2016-04-05,2,264-K,264-K,,,
438,2017-09-12,2,264-K,264-K,,,
439,2015-05-04,2,265-8,265-8,,,
440,2015-12-17,2,266-6,266-6,,,
441,2016-08-10,2,267-4,267-4,,,
442,2017-09-11,2,267-4,267-4,,,
443,2015-05-04,2,268-2,268-2,,,
444,2015-12-16,2,268-2,268-2,,,
445,2019-04-11,2,269-0,269-0,,,
446,2017-03-16,2,270-4,270-4,,,
447,2015-05-06,2,271-2,271-2,,,
448,2017-09-13,2,272-0,272-0,,,
449,2016-06-22,2,273-9,273-9,,,
450,2018-04-19,2,274-7,274-7,,,
451,2016-11-21,2,275-5,275-5,,,
452,2017-03-14,2,275-5,275-5,,,
453,2017-09-11,2,275-5,275-5,,,
454,2018-08-02,2,275-5,275-5,,,
455,2019-03-26,2,275-5,275-5,,,
456,2019-08-20,2,276-3,276-3,,,
457,2016-04-06,2,277-1,277-1,,,
458,2015-05-07,2,278-K,278-K,,,
459,2016-06-22,2,278-K,278-K,,,
460,2019-08-21,2,279-8,279-8,,,
461,2017-12-01,2,280-1,280-1,,,
462,2018-03-28,2,280-1,280-1,,,
463,2016-08-11,2,281-K,281-K,,,
464,2016-11-24,2,282-8,282-8,,,
465,2017-03-13,2,282-8,282-8,,,
466,2018-03-29,2,282-8,282-8,,,
467,2017-11-30,2,283-6,283-6,,,
468,2019-08-20,2,283-6,283-6,,,
469,2019-09-12,2,284-4,284-4,,,
470,2017-03-14,2,285-2,285-2,,,
471,2016-04-07,2,286-0,286-0,,,
472,2016-04-05,2,287-9,287-9,,,
473,2017-09-11,2,287-9,287-9,,,
474,2015-10-08,2,288-7,288-7,,,
475,2016-04-07,2,288-7,288-7,,,
476,2018-08-07,2,289-5,289-5,,,
477,2019-08-22,2,289-5,289-5,,,
478,2016-11-22,2,290-9,290-9,,,
479,2017-03-15,2,290-9,290-9,,,
480,2018-04-16,2,290-9,290-9,,,
481,2019-03-27,2,290-9,290-9,,,
482,2016-04-05,2,291-7,291-7,,,
483,2016-06-22,2,292-5,292-5,,,
484,2018-04-16,2,293-3,293-3,,,
485,2016-01-14,2,294-1,294-1,,,
486,2017-03-15,2,295-K,295-K,,,
487,2018-08-07,2,295-K,295-K,,,
488,2018-08-07,2,296-8,296-8,,,
489,2015-05-05,2,297-6,297-6,,,
490,2016-08-12,2,297-6,297-6,,,
491,2016-11-24,2,297-6,297-6,,,
492,2017-03-14,2,297-6,297-6,,,
493,2017-06-27,2,297-6,297-6,,,
494,2018-08-03,2,297-6,297-6,,,
495,2018-11-14,2,297-6,297-6,,,
496,2019-04-11,2,297-6,297-6,,,
497,2016-08-09,2,298-4,298-4,,,
498,2018-04-18,2,299-2,299-2,,,
499,2019-09-12,2,300-K,300-K,,,
500,2019-04-10,2,301-8,301-8,,,
501,2015-12-16,2,302-6,302-6,,,
502,2019-04-10,2,303-4,303-4,,,
503,2015-05-05,2,304-2,304-2,,,
504,2015-06-04,2,305-0,305-0,,,
505,2015-11-02,2,306-9,306-9,,,
506,2016-06-22,2,307-7,307-7,,,
507,2019-04-11,2,307-7,307-7,,,
508,2018-11-12,2,308-5,308-5,,,
509,2015-10-08,2,309-3,309-3,,,
510,2017-09-13,2,309-3,309-3,,,
511,2015-12-17,2,310-7,310-7,,,
512,2018-11-14,2,311-5,311-5,,,
513,2018-03-26,2,312-3,312-3,,,
514,2018-09-10,2,313-1,313-1,,,
515,2018-03-28,2,314-K,314-K,,,
516,2018-09-12,2,314-K,314-K,,,
517,2019-08-21,2,315-8,315-8,,,
518,2015-05-04,2,316-6,316-6,,,
519,2017-11-30,2,317-4,317-4,,,
520,2018-04-17,2,318-2,318-2,,,
521,2018-08-07,2,318-2,318-2,,,
522,2019-04-11,2,319-0,319-0,,,
523,2015-05-07,2,320-4,320-4,,,
524,2019-08-21,2,321-2,321-2,,,
525,2016-08-09,2,322-0,322-0,,,
526,2017-09-13,2,322-0,322-0,,,
527,2018-03-28,2,322-0,322-0,,,
528,2018-08-06,2,322-0,322-0,,,
529,2019-03-26,2,322-0,322-0,,,
530,2019-08-20,2,322-0,322-0,,,
531,2015-10-08,2,323-9,323-9,,,
532,2018-03-28,2,323-9,323-9,,,
533,2018-08-09,2,323-9,323-9,,,
534,2015-05-06,2,324-7,324-7,,,
535,2016-11-22,2,324-7,324-7,,,
536,2018-08-08,2,325-5,325-5,,,
537,2018-09-10,2,326-3,326-3,,,
538,2018-03-29,2,327-1,327-1,,,
539,2017-09-12,2,328-K,328-K,,,
540,2019-09-11,2,329-8,329-8,,,
541,2016-11-21,2,330-1,330-1,,,
542,2018-10-31,2,330-1,330-1,,,
543,2019-03-28,2,331-K,331-K,,,
544,2015-12-17,2,332-8,332-8,,,
545,2016-08-10,2,332-8,332-8,,,
546,2017-09-11,2,332-8,332-8,,,
547,2018-08-06,2,332-8,332-8,,,
548,2015-05-07,2,333-6,333-6,,,
549,2015-11-02,2,333-6,333-6,,,
550,2016-04-07,2,333-6,333-6,,,
551,2017-06-27,2,333-6,333-6,,,
552,2016-06-23,2,334-4,334-4,,,
553,2017-09-13,2,334-4,334-4,,,
554,2018-08-02,2,335-2,335-2,,,
555,2018-03-26,2,336-0,336-0,,,
556,2019-04-12,2,336-0,336-0,,,
557,2019-08-20,2,336-0,336-0,,,
558,2019-08-20,2,337-9,337-9,,,
559,2018-09-11,2,338-7,338-7,,,
560,2017-03-15,2,339-5,339-5,,,
561,2019-03-28,2,340-9,340-9,,,
562,2015-05-05,2,341-7,341-7,,,
563,2017-06-27,2,342-5,342-5,,,
564,2017-12-01,2,342-5,342-5,,,
565,2015-05-06,2,343-3,343-3,,,
566,2015-11-02,2,343-3,343-3,,,
567,2016-11-24,2,344-1,344-1,,,
568,2017-03-13,2,344-1,344-1,,,
569,2017-12-01,2,344-1,344-1,,,
570,2018-09-10,2,345-K,345-K,,,
571,2019-04-12,2,345-K,345-K,,,
572,2019-08-21,2,345-K,345-K,,,
573,2018-08-09,2,346-8,346-8,,,
574,2016-08-10,2,347-6,347-6,,,
575,2018-03-29,2,348-4,348-4,,,
576,2015-05-07,2,349-2,349-2,,,
577,2016-08-10,2,350-6,350-6,,,
578,2016-04-07,2,351-4,351-4,,,
579,2016-08-10,2,351-4,351-4,,,
580,2019-09-11,2,351-4,351-4,,,
581,2015-05-04,2,352-2,352-2,,,
582,2016-04-07,2,353-0,353-0,,,
583,2017-09-11,2,353-0,353-0,,,
584,2017-01-12,2,354-9,354-9,,,
585,2019-04-11,2,355-7,355-7,,,
586,2017-11-30,2,356-5,356-5,,,
587,2019-09-12,2,357-3,357-3,,,
588,2016-11-24,2,358-1,358-1,,,
589,2018-03-28,2,358-1,358-1,,,
590,2018-08-08,2,358-1,358-1,,,
591,2018-08-07,2,359-K,359-K,,,
592,2017-09-14,2,360-3,360-3,,,
593,2015-05-06,2,361-1,361-1,,,
594,2015-10-07,2,361-1,361-1,,,
595,2016-06-23,2,361-1,361-1,,,
596,2018-09-12,2,361-1,361-1,,,
597,2019-08-21,2,362-K,362-K,,,
598,2016-04-07,2,363-8,363-8,,,
599,2016-08-09,2,363-8,363-8,,,
600,2018-11-14,2,363-8,363-8,,,
601,2019-03-26,2,363-8,363-8,,,
602,2018-03-26,2,364-6,364-6,,,
603,2016-01-13,2,365-4,365-4,,,
604,2016-08-11,2,365-4,365-4,,,
605,2018-03-26,2,366-2,366-2,,,
606,2019-04-10,2,367-0,367-0,,,
607,2016-04-07,2,368-9,368-9,,,
608,2018-03-28,2,368-9,368-9,,,
609,2018-08-07,2,368-9,368-9,,,
610,2018-11-13,2,368-9,368-9,,,
611,2016-11-21,2,369-7,369-7,,,
612,2016-04-07,2,370-0,370-0,,,
613,2016-08-11,2,370-0,370-0,,,
614,2019-03-26,2,371-9,371-9,,,
615,2016-06-22,2,372-7,372-7,,,
616,2019-03-28,2,373-5,373-5,,,
617,2018-03-28,2,374-3,374-3,,,
618,2015-10-07,2,375-1,375-1,,,
619,2016-08-09,2,376-K,376-K,,,
620,2016-11-23,2,376-K,376-K,,,
621,2017-09-11,2,376-K,376-K,,,
622,2016-06-23,2,377-8,377-8,,,
623,2016-11-23,2,377-8,377-8,,,
624,2018-04-18,2,377-8,377-8,,,
625,2016-04-06,2,378-6,378-6,,,
626,2015-12-16,2,379-4,379-4,,,
627,2016-08-11,2,380-8,380-8,,,
628,2017-12-01,2,380-8,380-8,,,
629,2016-08-09,2,381-6,381-6,,,
630,2015-11-02,2,382-4,382-4,,,
631,2019-09-11,2,383-2,383-2,,,
632,2017-12-01,2,384-0,384-0,,,
633,2018-08-03,2,384-0,384-0,,,
634,2016-11-22,2,385-9,385-9,,,
635,2017-06-27,2,386-7,386-7,,,
636,2017-12-01,2,386-7,386-7,,,
637,2017-09-14,2,387-5,387-5,,,
638,2015-05-05,2,388-3,388-3,,,
639,2018-08-07,2,389-1,389-1,,,
640,2019-08-21,2,390-5,390-5,,,
641,2018-08-07,2,391-3,391-3,,,
642,2018-11-13,2,392-1,392-1,,,
643,2018-09-12,2,393-K,393-K,,,
644,2019-08-20,2,394-8,394-8,,,
645,2015-12-16,2,395-6,395-6,,,
646,2017-11-30,2,396-4,396-4,,,
647,2017-06-27,2,397-2,397-2,,,
648,2015-10-07,2,398-0,398-0,,,
649,2016-01-13,2,399-9,399-9,,,
650,2018-03-29,2,400-6,400-6,,,
651,2018-08-02,2,400-6,400-6,,,
652,2015-05-05,2,401-4,401-4,,,
653,2015-11-02,2,401-4,401-4,,,
654,2016-08-10,2,401-4,401-4,,,
655,2018-04-19,2,401-4,401-4,,,
656,2016-04-05,2,402-2,402-2,,,
657,2018-09-11,2,402-2,402-2,,,
658,2019-03-28,2,403-0,403-0,,,
659,2019-08-20,2,403-0,403-0,,,
660,2015-05-04,2,404-9,404-9,,,
661,2015-10-07,2,404-9,404-9,,,
662,2017-11-30,2,404-9,404-9,,,
663,2018-04-18,2,404-9,404-9,,,
664,2018-10-29,2,404-9,404-9,,,
665,2018-09-12,2,405-7,405-7,,,
666,2019-03-28,2,406-5,406-5,,,
667,2017-11-30,2,407-3,407-3,,,
668,2017-09-14,2,408-1,408-1,,,
669,2018-08-02,2,408-1,408-1,,,
670,2019-08-22,2,408-1,408-1,,,
671,2017-06-27,2,409-K,409-K,,,
672,2017-11-30,2,409-K,409-K,,,
673,2019-08-21,2,410-3,410-3,,,
674,2018-03-27,2,411-1,411-1,,,
675,2019-08-21,2,412-K,412-K,,,
676,2016-01-14,2,413-8,413-8,,,
677,2018-03-29,2,413-8,413-8,,,
678,2019-08-20,2,413-8,413-8,,,
679,2015-05-04,2,414-6,414-6,,,
680,2015-11-02,2,414-6,414-6,,,
681,2016-04-06,2,414-6,414-6,,,
682,2015-05-05,2,415-4,415-4,,,
683,2015-11-02,2,416-2,416-2,,,
684,2016-04-06,2,416-2,416-2,,,
685,2016-11-22,2,416-2,416-2,,,
686,2017-03-14,2,416-2,416-2,,,
687,2017-09-12,2,416-2,416-2,,,
688,2018-04-05,2,416-2,416-2,,,
689,2019-08-20,2,416-2,416-2,,,
690,2019-09-12,2,417-0,417-0,,,
691,2018-03-28,2,418-9,418-9,,,
692,2016-08-09,2,419-7,419-7,,,
693,2016-06-22,2,420-0,420-0,,,
694,2018-04-20,2,421-9,421-9,,,
695,2016-01-14,2,422-7,422-7,,,
696,2018-09-10,2,423-5,423-5,,,
697,2019-03-25,2,423-5,423-5,,,
698,2019-08-20,2,423-5,423-5,,,
699,2019-09-12,2,424-3,424-3,,,
700,2019-08-22,2,425-1,425-1,,,
701,2019-03-28,2,426-K,426-K,,,
702,2017-12-01,2,427-8,427-8,,,
703,2018-08-02,2,427-8,427-8,,,
704,2018-03-28,2,428-6,428-6,,,
705,2017-11-30,2,429-4,429-4,,,
706,2019-03-26,2,430-8,430-8,,,
707,2017-03-13,2,431-6,431-6,,,
708,2017-09-12,2,431-6,431-6,,,
709,2018-04-18,2,431-6,431-6,,,
710,2019-03-28,2,431-6,431-6,,,
711,2019-08-22,2,431-6,431-6,,,
712,2019-09-12,2,432-4,432-4,,,
713,2018-08-03,2,433-2,433-2,,,
714,2017-01-12,2,434-0,434-0,,,
715,2016-06-23,2,435-9,435-9,,,
716,2018-11-12,2,436-7,436-7,,,
717,2019-08-21,2,436-7,436-7,,,
718,2016-08-12,2,437-5,437-5,,,
719,2017-06-27,2,437-5,437-5,,,
720,2018-04-05,2,437-5,437-5,,,
721,2016-08-09,2,438-3,438-3,,,
722,2016-11-23,2,438-3,438-3,,,
723,2018-03-26,2,438-3,438-3,,,
724,2018-08-08,2,438-3,438-3,,,
725,2018-08-09,2,439-1,439-1,,,
726,2016-04-07,2,440-5,440-5,,,
727,2016-04-06,2,441-3,441-3,,,
728,2017-01-12,2,442-1,442-1,,,
729,2018-03-29,2,443-K,443-K,,,
730,2019-08-21,2,444-8,444-8,,,
731,2019-08-20,2,445-6,445-6,,,
732,2019-03-25,2,446-4,446-4,,,
733,2018-11-13,2,447-2,447-2,,,
734,2018-03-28,2,448-0,448-0,,,
735,2015-05-07,2,449-9,449-9,,,
736,2015-05-07,2,450-2,450-2,,,
737,2015-05-06,2,451-0,451-0,,,
738,2015-11-02,2,451-0,451-0,,,
739,2016-04-06,2,452-9,452-9,,,
740,2015-05-04,2,453-7,453-7,,,
741,2015-10-07,2,453-7,453-7,,,
742,2016-01-14,2,453-7,453-7,,,
743,2016-04-06,2,453-7,453-7,,,
744,2016-11-24,2,453-7,453-7,,,
745,2017-03-15,2,453-7,453-7,,,
746,2017-09-14,2,453-7,453-7,,,
747,2018-03-26,2,453-7,453-7,,,
748,2018-08-08,2,453-7,453-7,,,
749,2018-11-13,2,453-7,453-7,,,
750,2017-03-15,2,454-5,454-5,,,
751,2018-03-26,2,455-3,455-3,,,
752,2018-03-26,2,456-1,456-1,,,
753,2016-06-23,2,457-K,457-K,,,
754,2016-11-23,2,457-K,457-K,,,
755,2019-04-11,2,458-8,458-8,,,
756,2019-08-21,2,458-8,458-8,,,
757,2017-11-30,2,459-6,459-6,,,
758,2018-03-28,2,459-6,459-6,,,
759,2018-08-03,2,459-6,459-6,,,
760,2016-08-11,2,460-K,460-K,,,
761,2017-03-13,2,460-K,460-K,,,
762,2018-08-07,2,460-K,460-K,,,
763,2018-10-29,2,461-8,461-8,,,
764,2018-08-07,2,462-6,462-6,,,
765,2018-08-07,2,463-4,463-4,,,
766,2019-04-10,2,463-4,463-4,,,
767,2017-09-12,2,464-2,464-2,,,
768,2017-11-30,2,465-0,465-0,,,
769,2016-06-23,2,466-9,466-9,,,
770,2017-03-13,2,467-7,467-7,,,
771,2015-10-08,2,468-5,468-5,,,
772,2018-08-08,2,469-3,469-3,,,
773,2018-03-27,2,470-7,470-7,,,
774,2018-08-03,2,470-7,470-7,,,
775,2016-08-11,2,471-5,471-5,,,
776,2016-08-11,2,472-3,472-3,,,
777,2016-08-11,2,473-1,473-1,,,
778,2019-03-27,2,474-K,474-K,,,
779,2017-03-13,2,475-8,475-8,,,
780,2019-03-28,2,476-6,476-6,,,
781,2018-04-05,2,477-4,477-4,,,
782,2015-05-04,2,478-2,478-2,,,
783,2016-06-23,2,479-0,479-0,,,
784,2015-12-16,2,480-4,480-4,,,
785,2016-04-06,2,481-2,481-2,,,
786,2019-08-21,2,482-0,482-0,,,
787,2016-11-24,2,483-9,483-9,,,
788,2018-03-27,2,484-7,484-7,,,
789,2016-06-22,2,485-5,485-5,,,
790,2016-01-14,2,486-3,486-3,,,
791,2018-08-08,2,487-1,487-1,,,
792,2019-04-10,2,488-K,488-K,,,
793,2019-08-21,2,488-K,488-K,,,
794,2017-03-13,2,489-8,489-8,,,
795,2017-09-13,2,489-8,489-8,,,
796,2018-09-12,2,490-1,490-1,,,
797,2018-09-10,2,491-K,491-K,,,
798,2015-05-07,2,492-8,492-8,,,
799,2018-04-05,2,492-8,492-8,,,
800,2018-04-19,2,493-6,493-6,,,
801,2018-08-03,2,494-4,494-4,,,
802,2015-05-06,2,495-2,495-2,,,
803,2015-10-08,2,495-2,495-2,,,
804,2016-04-05,2,495-2,495-2,,,
805,2017-09-12,2,495-2,495-2,,,
806,2018-04-17,2,495-2,495-2,,,
807,2019-03-28,2,495-2,495-2,,,
808,2016-08-11,2,496-0,496-0,,,
809,2018-03-29,2,497-9,497-9,,,
810,2015-05-07,2,498-7,498-7,,,
811,2017-09-12,2,498-7,498-7,,,
812,2016-08-11,2,499-5,499-5,,,
813,2015-05-04,2,500-2,500-2,,,
814,2016-06-22,2,501-0,501-0,,,
815,2017-09-12,2,501-0,501-0,,,
816,2018-04-05,2,501-0,501-0,,,
817,2018-11-13,2,501-0,501-0,,,
818,2017-11-30,2,502-9,502-9,,,
819,2016-11-24,2,503-7,503-7,,,
820,2016-04-06,2,504-5,504-5,,,
821,2015-05-06,2,505-3,505-3,,,
822,2018-03-27,2,506-1,506-1,,,
823,2016-08-11,2,507-K,507-K,,,
824,2018-03-27,2,508-8,508-8,,,
825,2015-05-06,2,509-6,509-6,,,
826,2015-05-05,2,510-K,510-K,,,
827,2018-03-26,2,510-K,510-K,,,
828,2018-04-17,2,511-8,511-8,,,
829,2015-05-04,2,512-6,512-6,,,
830,2018-03-26,2,513-4,513-4,,,
831,2018-09-11,2,514-2,514-2,,,
832,2017-03-14,2,515-0,515-0,,,
833,2017-09-12,2,516-9,516-9,,,
834,2018-04-05,2,516-9,516-9,,,
835,2018-11-12,2,516-9,516-9,,,
836,2016-01-13,2,517-7,517-7,,,
837,2016-04-06,2,518-5,518-5,,,
838,2016-08-09,2,518-5,518-5,,,
839,2017-03-16,2,518-5,518-5,,,
840,2018-03-27,2,518-5,518-5,,,
841,2015-11-02,2,519-3,519-3,,,
842,2017-09-13,2,520-7,520-7,,,
843,2015-05-06,2,521-5,521-5,,,
844,2018-03-28,2,522-3,522-3,,,
845,2018-04-05,2,523-1,523-1,,,
846,2018-04-05,2,524-K,524-K,,,
847,2018-04-19,2,525-8,525-8,,,
848,2016-08-11,2,526-6,526-6,,,
849,2016-04-06,2,527-4,527-4,,,
850,2016-08-11,2,527-4,527-4,,,
851,2017-06-27,2,527-4,527-4,,,
852,2019-03-27,2,527-4,527-4,,,
853,2019-08-22,2,527-4,527-4,,,
854,2019-08-22,2,528-2,528-2,,,
855,2015-05-05,2,529-0,529-0,,,
856,2019-04-12,2,530-4,530-4,,,
857,2016-06-22,2,531-2,531-2,,,
858,2017-03-15,2,531-2,531-2,,,
859,2017-11-30,2,531-2,531-2,,,
860,2018-08-06,2,531-2,531-2,,,
861,2017-12-01,2,532-0,532-0,,,
862,2018-03-26,2,532-0,532-0,,,
863,2017-01-12,2,533-9,533-9,,,
864,2018-11-14,2,534-7,534-7,,,
865,2016-04-05,2,535-5,535-5,,,
866,2018-09-12,2,536-3,536-3,,,
867,2015-10-07,2,537-1,537-1,,,
868,2017-09-11,2,537-1,537-1,,,
869,2018-04-17,2,537-1,537-1,,,
870,2018-08-02,2,537-1,537-1,,,
871,2018-11-14,2,537-1,537-1,,,
872,2019-08-21,2,538-K,538-K,,,
873,2015-12-16,2,539-8,539-8,,,
874,2016-01-13,2,540-1,540-1,,,
875,2018-04-17,2,541-K,541-K,,,
876,2017-09-12,2,542-8,542-8,,,
877,2019-04-10,2,542-8,542-8,,,
878,2019-08-22,2,544-4,544-4,,,
879,2017-03-15,2,545-2,545-2,,,
880,2019-03-28,2,546-0,546-0,,,
881,2019-08-20,2,546-0,546-0,,,
882,2015-05-05,2,547-9,547-9,,,
883,2017-09-12,2,547-9,547-9,,,
884,2018-03-29,2,548-7,548-7,,,
885,2018-08-06,2,548-7,548-7,,,
886,2018-03-29,2,549-5,549-5,,,
887,2016-11-21,2,550-9,550-9,,,
888,2018-03-26,2,550-9,550-9,,,
889,2015-10-08,2,551-7,551-7,,,
890,2016-01-13,2,551-7,551-7,,,
891,2016-11-23,2,551-7,551-7,,,
892,2017-09-14,2,551-7,551-7,,,
893,2019-04-11,2,551-7,551-7,,,
894,2018-09-11,2,552-5,552-5,,,
895,2019-08-21,2,552-5,552-5,,,
896,2016-08-09,2,553-3,553-3,,,
897,2017-03-15,2,553-3,553-3,,,
898,2017-09-11,2,553-3,553-3,,,
899,2016-04-06,2,554-1,554-1,,,
900,2017-03-13,2,554-1,554-1,,,
901,2019-03-26,2,555-K,555-K,,,
902,2017-12-01,2,556-8,556-8,,,
903,2018-09-12,2,556-8,556-8,,,
904,2016-01-14,2,557-6,557-6,,,
905,2018-04-05,2,557-6,557-6,,,
906,2018-09-10,2,557-6,557-6,,,
907,2018-03-29,2,558-4,558-4,,,
908,2017-03-15,2,559-2,559-2,,,
909,2018-08-02,2,559-2,559-2,,,
910,2018-03-28,2,560-6,560-6,,,
911,2016-06-22,2,561-4,561-4,,,
912,2015-05-05,2,562-2,562-2,,,
913,2015-10-07,2,562-2,562-2,,,
914,2018-03-26,2,563-0,563-0,,,
915,2016-04-05,2,564-9,564-9,,,
916,2018-04-18,2,565-7,565-7,,,
917,2016-11-22,2,566-5,566-5,,,
918,2016-08-10,2,567-3,567-3,,,
919,2019-08-22,2,568-1,568-1,,,
920,2016-11-22,2,569-K,569-K,,,
921,2016-01-14,2,570-3,570-3,,,
922,2018-11-12,2,571-1,571-1,,,
923,2015-05-04,2,572-K,572-K,,,
924,2015-10-07,2,572-K,572-K,,,
925,2016-01-13,2,572-K,572-K,,,
926,2016-06-22,2,572-K,572-K,,,
927,2016-11-23,2,572-K,572-K,,,
928,2017-03-13,2,572-K,572-K,,,
929,2017-09-11,2,572-K,572-K,,,
930,2018-03-27,2,572-K,572-K,,,
931,2018-08-08,2,572-K,572-K,,,
932,2018-11-14,2,572-K,572-K,,,
933,2019-03-26,2,572-K,572-K,,,
934,2019-08-21,2,572-K,572-K,,,
935,2019-08-20,2,573-8,573-8,,,
936,2016-08-10,2,574-6,574-6,,,
937,2015-05-07,2,575-4,575-4,,,
938,2015-10-07,2,575-4,575-4,,,
939,2016-11-21,2,576-2,576-2,,,
940,2015-12-16,2,577-0,577-0,,,
941,2015-12-17,2,578-9,578-9,,,
942,2015-12-16,2,579-7,579-7,,,
943,2017-11-30,2,579-7,579-7,,,
944,2018-03-26,2,579-7,579-7,,,
945,2018-08-08,2,579-7,579-7,,,
946,2019-03-27,2,579-7,579-7,,,
947,2019-08-20,2,579-7,579-7,,,
948,2015-05-06,2,580-0,580-0,,,
949,2015-05-07,2,581-9,581-9,,,
950,2016-08-10,2,582-7,582-7,,,
951,2015-05-07,2,583-5,583-5,,,
952,2018-03-28,2,583-5,583-5,,,
953,2016-11-22,2,584-3,584-3,,,
954,2015-10-08,2,585-1,585-1,,,
955,2016-01-13,2,585-1,585-1,,,
956,2018-04-20,2,585-1,585-1,,,
957,2018-08-03,2,586-K,586-K,,,
958,2016-11-23,2,587-8,587-8,,,
959,2018-03-29,2,587-8,587-8,,,
960,2017-03-15,2,588-6,588-6,,,
961,2019-04-11,2,589-4,589-4,,,
962,2017-03-16,2,590-8,590-8,,,
963,2016-06-22,2,591-6,591-6,,,
964,2017-09-12,2,591-6,591-6,,,
965,2017-06-27,2,592-4,592-4,,,
966,2017-12-01,2,592-4,592-4,,,
967,2018-03-27,2,592-4,592-4,,,
968,2018-08-02,2,592-4,592-4,,,
969,2018-09-12,2,593-2,593-2,,,
970,2015-10-07,2,594-0,594-0,,,
971,2019-04-12,2,594-0,594-0,,,
972,2018-04-16,2,595-9,595-9,,,
973,2019-03-28,2,595-9,595-9,,,
974,2015-05-05,2,596-7,596-7,,,
975,2018-03-29,2,596-7,596-7,,,
976,2018-04-18,2,597-5,597-5,,,
977,2019-03-27,2,597-5,597-5,,,
978,2015-10-08,2,598-3,598-3,,,
979,2017-11-30,2,599-1,599-1,,,
980,2016-08-12,2,600-9,600-9,,,
981,2017-03-15,2,600-9,600-9,,,
982,2015-05-04,2,601-7,601-7,,,
983,2019-04-10,2,602-5,602-5,,,
984,2019-04-11,2,603-3,603-3,,,
985,2017-09-12,2,604-1,604-1,,,
986,2018-04-16,2,604-1,604-1,,,
987,2018-08-02,2,604-1,604-1,,,
988,2019-09-12,2,604-1,604-1,,,
989,2018-03-27,2,605-K,605-K,,,
990,2018-08-07,2,605-K,605-K,,,
991,2018-11-12,2,605-K,605-K,,,
992,2019-03-25,2,605-K,605-K,,,
993,2019-08-20,2,605-K,605-K,,,
994,2019-08-21,2,606-8,606-8,,,
995,2018-03-26,2,607-6,607-6,,,
996,2018-09-12,2,607-6,607-6,,,
997,2018-09-10,2,608-4,608-4,,,
998,2016-08-09,2,609-2,609-2,,,
999,2018-08-06,2,610-6,610-6,,,
1000,2015-10-08,2,611-4,611-4,,,
1001,2018-11-14,2,612-2,612-2,,,
1002,2016-06-23,2,613-0,613-0,,,
1003,2015-12-16,2,614-9,614-9,,,
1004,2016-04-05,2,614-9,614-9,,,
1005,2016-08-09,2,614-9,614-9,,,
1006,2016-11-23,2,614-9,614-9,,,
1007,2017-03-13,2,614-9,614-9,,,
1008,2017-09-11,2,614-9,614-9,,,
1009,2018-03-27,2,614-9,614-9,,,
1010,2018-10-31,2,614-9,614-9,,,
1011,2019-03-25,2,614-9,614-9,,,
1012,2018-03-27,2,615-7,615-7,,,
1013,2016-04-05,2,616-5,616-5,,,
1014,2017-03-15,2,617-3,617-3,,,
1015,2016-01-13,2,618-1,618-1,,,
1016,2015-05-06,2,619-K,619-K,,,
1017,2017-03-13,2,619-K,619-K,,,
1018,2019-03-28,2,620-3,620-3,,,
1019,2018-03-27,2,621-1,621-1,,,
1020,2016-11-21,2,622-K,622-K,,,
1021,2019-08-22,2,623-8,623-8,,,
1022,2018-11-14,2,624-6,624-6,,,
1023,2015-10-07,2,625-4,625-4,,,
1024,2016-04-05,2,626-2,626-2,,,
1025,2016-08-09,2,626-2,626-2,,,
1026,2016-11-23,2,627-0,627-0,,,
1027,2017-12-01,2,627-0,627-0,,,
1028,2018-03-28,2,627-0,627-0,,,
1029,2015-05-04,2,628-9,628-9,,,
1030,2018-09-11,2,629-7,629-7,,,
1031,2017-03-14,2,630-0,630-0,,,
1032,2015-05-07,2,631-9,631-9,,,
1033,2016-08-12,2,631-9,631-9,,,
1034,2017-03-16,2,631-9,631-9,,,
1035,2015-05-05,2,632-7,632-7,,,
1036,2015-11-02,2,632-7,632-7,,,
1037,2016-04-07,2,632-7,632-7,,,
1038,2016-08-12,2,632-7,632-7,,,
1039,2018-08-07,2,633-5,633-5,,,
1040,2018-04-18,2,634-3,634-3,,,
1041,2019-08-21,2,634-3,634-3,,,
1042,2018-03-26,2,635-1,635-1,,,
1043,2018-09-10,2,635-1,635-1,,,
1044,2019-03-25,2,635-1,635-1,,,
1045,2015-05-04,2,636-K,636-K,,,
1046,2015-10-07,2,636-K,636-K,,,
1047,2016-01-13,2,636-K,636-K,,,
1048,2016-04-05,2,636-K,636-K,,,
1049,2016-08-09,2,636-K,636-K,,,
1050,2016-11-22,2,636-K,636-K,,,
1051,2017-09-14,2,636-K,636-K,,,
1052,2016-04-05,2,637-8,637-8,,,
1053,2018-08-09,2,638-6,638-6,,,
1054,2015-05-05,2,639-4,639-4,,,
1055,2015-10-07,2,639-4,639-4,,,
1056,2016-08-12,2,639-4,639-4,,,
1057,2015-10-07,2,640-8,640-8,,,
1058,2017-12-01,2,640-8,640-8,,,
1059,2016-08-12,2,641-6,641-6,,,
1060,2018-04-19,2,641-6,641-6,,,
1061,2018-08-09,2,641-6,641-6,,,
1062,2015-12-17,2,642-4,642-4,,,
1063,2017-03-13,2,643-2,643-2,,,
1064,2017-09-12,2,644-0,644-0,,,
1065,2018-03-26,2,644-0,644-0,,,
1066,2019-08-21,2,645-9,645-9,,,
1067,2017-09-12,2,646-7,646-7,,,
1068,2018-03-27,2,646-7,646-7,,,
1069,2018-03-27,2,647-5,647-5,,,
1070,2018-08-03,2,647-5,647-5,,,
1071,2015-10-07,2,648-3,648-3,,,
1072,2016-08-10,2,648-3,648-3,,,
1073,2018-04-17,2,648-3,648-3,,,
1074,2015-06-03,2,649-1,649-1,,,
1075,2019-03-26,2,650-5,650-5,,,
1076,2018-03-28,2,651-3,651-3,,,
1077,2017-03-13,2,652-1,652-1,,,
1078,2015-05-06,2,653-K,653-K,,,
1079,2017-12-01,2,654-8,654-8,,,
1080,2016-11-21,2,655-6,655-6,,,
1081,2015-05-04,2,656-4,656-4,,,
1082,2016-04-06,2,656-4,656-4,,,
1083,2017-03-14,2,656-4,656-4,,,
1084,2018-08-02,2,657-2,657-2,,,
1085,2018-04-17,2,658-0,658-0,,,
1086,2017-03-16,2,659-9,659-9,,,
1087,2016-04-06,2,660-2,660-2,,,
1088,2015-10-08,2,661-0,661-0,,,
1089,2019-03-26,2,662-9,662-9,,,
1090,2016-08-10,2,663-7,663-7,,,
1091,2017-06-27,2,664-5,664-5,,,
1092,2016-06-23,2,665-3,665-3,,,
1093,2017-03-13,2,665-3,665-3,,,
1094,2017-09-13,2,665-3,665-3,,,
1095,2018-03-29,2,665-3,665-3,,,
1096,2019-03-26,2,665-3,665-3,,,
1097,2016-08-11,2,666-1,666-1,,,
1098,2015-12-17,2,667-K,667-K,,,
1099,2018-03-28,2,668-8,668-8,,,
1100,2016-04-06,2,669-6,669-6,,,
1101,2015-05-07,2,670-K,670-K,,,
1102,2018-08-02,2,670-K,670-K,,,
1103,2016-06-22,2,671-8,671-8,,,
1104,2019-03-28,2,672-6,672-6,,,
1105,2015-12-16,2,673-4,673-4,,,
1106,2018-03-26,2,674-2,674-2,,,
1107,2016-04-06,2,675-0,675-0,,,
1108,2018-08-08,2,676-9,676-9,,,
1109,2019-03-26,2,676-9,676-9,,,
1110,2016-11-23,2,677-7,677-7,,,
1111,2018-09-13,2,678-5,678-5,,,
1112,2019-03-25,2,679-3,679-3,,,
1113,2017-01-12,2,680-7,680-7,,,
1114,2016-08-09,2,681-5,681-5,,,
1115,2017-03-16,2,681-5,681-5,,,
1116,2016-08-11,2,682-3,682-3,,,
1117,2019-04-10,2,683-1,683-1,,,
1118,2018-10-31,2,684-K,684-K,,,
1119,2018-03-27,2,685-8,685-8,,,
1120,2016-06-22,2,686-6,686-6,,,
1121,2016-11-21,2,686-6,686-6,,,
1122,2017-12-01,2,687-4,687-4,,,
1123,2017-06-27,2,688-2,688-2,,,
1124,2016-11-23,2,689-0,689-0,,,
1125,2017-03-13,2,690-4,690-4,,,
1126,2017-03-16,2,691-2,691-2,,,
1127,2018-10-31,2,692-0,692-0,,,
1128,2016-08-12,2,693-9,693-9,,,
1129,2017-09-11,2,693-9,693-9,,,
1130,2018-09-12,2,693-9,693-9,,,
1131,2018-03-27,2,694-7,694-7,,,
1132,2019-08-22,2,694-7,694-7,,,
1133,2019-08-21,2,695-5,695-5,,,
1134,2017-09-13,2,696-3,696-3,,,
1135,2018-03-29,2,696-3,696-3,,,
1136,2016-08-09,2,697-1,697-1,,,
1137,2016-06-23,2,698-K,698-K,,,
1138,2017-03-16,2,699-8,699-8,,,
1139,2017-06-27,2,700-5,700-5,,,
1140,2018-08-02,2,700-5,700-5,,,
1141,2017-03-15,2,701-3,701-3,,,
1142,2017-06-27,2,701-3,701-3,,,
1143,2017-11-30,2,701-3,701-3,,,
1144,2018-04-19,2,701-3,701-3,,,
1145,2018-04-05,2,702-1,702-1,,,
1146,2017-03-14,2,703-K,703-K,,,
1147,2017-09-11,2,703-K,703-K,,,
1148,2018-08-08,2,704-8,704-8,,,
1149,2018-03-27,2,705-6,705-6,,,
1150,2017-03-14,2,706-4,706-4,,,
1151,2018-04-19,2,707-2,707-2,,,
1152,2019-08-20,2,708-0,708-0,,,
1153,2018-03-27,2,709-9,709-9,,,
1154,2018-10-31,2,709-9,709-9,,,
1155,2019-08-21,2,709-9,709-9,,,
1156,2018-10-29,2,710-2,710-2,,,
1157,2016-01-14,2,711-0,711-0,,,
1158,2019-03-27,2,712-9,712-9,,,
1159,2018-08-03,2,713-7,713-7,,,
1160,2015-05-05,2,714-5,714-5,,,
1161,2019-08-20,2,715-3,715-3,,,
1162,2016-04-05,2,716-1,716-1,,,
1163,2018-04-05,2,717-K,717-K,,,
1164,2019-03-25,2,718-8,718-8,,,
1165,2019-04-12,2,719-6,719-6,,,
1166,2016-06-23,2,720-K,720-K,,,
1167,2018-08-09,2,720-K,720-K,,,
1168,2018-03-29,2,721-8,721-8,,,
1169,2017-09-12,2,722-6,722-6,,,
1170,2015-05-04,2,723-4,723-4,,,
1171,2019-03-25,2,724-2,724-2,,,
1172,2016-04-06,2,725-0,725-0,,,
1173,2017-03-16,2,726-9,726-9,,,
1174,2019-04-11,2,727-7,727-7,,,
1175,2016-11-21,2,728-5,728-5,,,
1176,2015-05-05,2,729-3,729-3,,,
1177,2015-05-07,2,730-7,730-7,,,
1178,2015-10-07,2,730-7,730-7,,,
1179,2016-04-07,2,730-7,730-7,,,
1180,2019-08-21,2,731-5,731-5,,,
1181,2017-09-13,2,732-3,732-3,,,
1182,2018-11-14,2,732-3,732-3,,,
1183,2017-11-30,2,733-1,733-1,,,
1184,2016-04-07,2,734-K,734-K,,,
1185,2016-08-10,2,734-K,734-K,,,
1186,2018-03-26,2,735-8,735-8,,,
1187,2018-08-08,2,735-8,735-8,,,
1188,2019-03-25,2,735-8,735-8,,,
1189,2016-08-11,2,736-6,736-6,,,
1190,2017-03-13,2,737-4,737-4,,,
1191,2018-04-17,2,738-2,738-2,,,
1192,2018-09-10,2,738-2,738-2,,,
1193,2016-06-22,2,739-0,739-0,,,
1194,2017-09-14,2,739-0,739-0,,,
1195,2018-08-03,2,739-0,739-0,,,
1196,2018-03-26,2,740-4,740-4,,,
1197,2016-01-13,2,741-2,741-2,,,
1198,2017-09-14,2,741-2,741-2,,,
1199,2018-03-26,2,741-2,741-2,,,
1200,2018-08-06,2,741-2,741-2,,,
1201,2016-08-10,2,742-0,742-0,,,
1202,2017-03-16,2,742-0,742-0,,,
1203,2016-11-21,2,743-9,743-9,,,
1204,2018-04-18,2,743-9,743-9,,,
1205,2019-03-27,2,744-7,744-7,,,
1206,2016-08-11,2,745-5,745-5,,,
1207,2015-05-06,2,746-3,746-3,,,
1208,2015-05-07,2,747-1,747-1,,,
1209,2015-11-02,2,747-1,747-1,,,
1210,2017-11-30,2,748-K,748-K,,,
1211,2018-09-11,2,748-K,748-K,,,
1212,2017-03-16,2,749-8,749-8,,,
1213,2019-03-25,2,749-8,749-8,,,
1214,2017-03-15,2,750-1,750-1,,,
1215,2019-08-20,2,750-1,750-1,,,
1216,2018-09-12,2,751-K,751-K,,,
1217,2015-10-08,2,752-8,752-8,,,
1218,2017-09-12,2,753-6,753-6,,,
1219,2017-11-30,2,754-4,754-4,,,
1220,2016-08-10,2,755-2,755-2,,,
1221,2016-06-22,2,756-0,756-0,,,
1222,2017-03-14,2,756-0,756-0,,,
1223,2018-04-05,2,756-0,756-0,,,
1224,2017-03-15,2,757-9,757-9,,,
1225,2016-06-23,2,758-7,758-7,,,
1226,2019-09-12,2,758-7,758-7,,,
1227,2016-11-21,2,759-5,759-5,,,
1228,2019-03-26,2,759-5,759-5,,,
1229,2019-04-11,2,760-9,760-9,,,
1230,2018-03-29,2,761-7,761-7,,,
1231,2019-04-10,2,762-5,762-5,,,
1232,2016-04-07,2,763-3,763-3,,,
1233,2018-11-14,2,764-1,764-1,,,
1234,2015-05-06,2,765-K,765-K,,,
1235,2019-08-20,2,766-8,766-8,,,
1236,2019-08-20,2,767-6,767-6,,,
1237,2019-04-10,2,768-4,768-4,,,
1238,2019-08-22,2,769-2,769-2,,,
1239,2018-04-20,2,770-6,770-6,,,
1240,2015-10-07,2,771-4,771-4,,,
1241,2018-09-11,2,771-4,771-4,,,
1242,2019-03-27,2,771-4,771-4,,,
1243,2016-08-09,2,772-2,772-2,,,
1244,2016-01-14,2,773-0,773-0,,,
1245,2016-08-09,2,773-0,773-0,,,
1246,2018-04-20,2,774-9,774-9,,,
1247,2018-09-11,2,774-9,774-9,,,
1248,2018-08-03,2,775-7,775-7,,,
1249,2018-11-13,2,775-7,775-7,,,
1250,2016-04-07,2,776-5,776-5,,,
1251,2018-03-26,2,776-5,776-5,,,
1252,2018-09-13,2,776-5,776-5,,,
1253,2015-12-17,2,777-3,777-3,,,
1254,2017-09-14,2,778-1,778-1,,,
1255,2018-04-16,2,779-K,779-K,,,
1256,2019-04-12,2,780-3,780-3,,,
1257,2018-11-14,2,781-1,781-1,,,
1258,2017-09-14,2,782-K,782-K,,,
1259,2019-03-26,2,783-8,783-8,,,
1260,2017-03-13,2,784-6,784-6,,,
1261,2017-09-13,2,784-6,784-6,,,
1262,2016-04-07,2,785-4,785-4,,,
1263,2016-08-10,2,785-4,785-4,,,
1264,2018-04-18,2,785-4,785-4,,,
1265,2019-03-28,2,785-4,785-4,,,
1266,2018-03-27,2,786-2,786-2,,,
1267,2019-03-26,2,786-2,786-2,,,
1268,2018-11-13,2,787-0,787-0,,,
1269,2018-03-27,2,788-9,788-9,,,
1270,2018-08-02,2,788-9,788-9,,,
1271,2015-06-04,2,789-7,789-7,,,
1272,2015-05-07,2,790-0,790-0,,,
1273,2017-03-13,2,790-0,790-0,,,
1274,2018-03-29,2,790-0,790-0,,,
1275,2016-08-12,2,791-9,791-9,,,
1276,2017-03-13,2,791-9,791-9,,,
1277,2015-10-07,2,792-7,792-7,,,
1278,2018-03-28,2,793-5,793-5,,,
1279,2019-03-27,2,794-3,794-3,,,
1280,2015-05-05,2,795-1,795-1,,,
1281,2016-11-24,2,795-1,795-1,,,
1282,2017-03-14,2,795-1,795-1,,,
1283,2019-03-25,2,795-1,795-1,,,
1284,2019-08-20,2,795-1,795-1,,,
1285,2016-08-11,2,796-K,796-K,,,
1286,2017-03-16,2,796-K,796-K,,,
1287,2016-04-07,2,797-8,797-8,,,
1288,2018-04-17,2,798-6,798-6,,,
1289,2019-08-20,2,798-6,798-6,,,
1290,2015-12-17,2,799-4,799-4,,,
1291,2015-05-07,2,800-1,800-1,,,
1292,2015-12-17,2,801-K,801-K,,,
1293,2017-03-16,2,802-8,802-8,,,
1294,2018-03-27,2,802-8,802-8,,,
1295,2018-08-02,2,802-8,802-8,,,
1296,2016-06-22,2,803-6,803-6,,,
1297,2016-11-23,2,803-6,803-6,,,
1298,2018-04-17,2,804-4,804-4,,,
1299,2018-08-02,2,804-4,804-4,,,
1300,2018-11-13,2,804-4,804-4,,,
1301,2019-03-28,2,804-4,804-4,,,
1302,2018-10-29,2,805-2,805-2,,,
1303,2017-09-13,2,806-0,806-0,,,
1304,2018-03-28,2,806-0,806-0,,,
1305,2016-04-07,2,807-9,807-9,,,
1306,2019-04-11,2,808-7,808-7,,,
1307,2016-01-14,2,809-5,809-5,,,
1308,2019-03-25,2,810-9,810-9,,,
1309,2018-08-07,2,811-7,811-7,,,
1310,2016-04-06,2,812-5,812-5,,,
1311,2016-08-11,2,813-3,813-3,,,
1312,2016-11-23,2,813-3,813-3,,,
1313,2017-09-12,2,813-3,813-3,,,
1314,2018-03-29,2,813-3,813-3,,,
1315,2018-08-06,2,813-3,813-3,,,
1316,2018-04-17,2,814-1,814-1,,,
1317,2018-08-07,2,814-1,814-1,,,
1318,2019-03-26,2,814-1,814-1,,,
1319,2015-10-07,2,815-K,815-K,,,
1320,2016-08-11,2,815-K,815-K,,,
1321,2018-04-18,2,815-K,815-K,,,
1322,2016-04-07,2,816-8,816-8,,,
1323,2016-08-09,2,816-8,816-8,,,
1324,2018-09-11,2,817-6,817-6,,,
1325,2019-08-20,2,817-6,817-6,,,
1326,2015-06-03,2,818-4,818-4,,,
1327,2016-04-05,2,818-4,818-4,,,
1328,2016-08-11,2,819-2,819-2,,,
1329,2016-11-24,2,819-2,819-2,,,
1330,2018-03-29,2,820-6,820-6,,,
1331,2019-04-11,2,821-4,821-4,,,
1332,2019-03-25,2,822-2,822-2,,,
1333,2015-10-08,2,823-0,823-0,,,
1334,2017-09-14,2,824-9,824-9,,,
1335,2018-04-19,2,825-7,825-7,,,
1336,2018-09-11,2,826-5,826-5,,,
1337,2018-04-05,2,827-3,827-3,,,
1338,2016-06-23,2,828-1,828-1,,,
1339,2015-05-07,2,829-K,829-K,,,
1340,2016-04-06,2,830-3,830-3,,,
1341,2016-04-05,2,831-1,831-1,,,
1342,2017-03-16,2,832-K,832-K,,,
1343,2019-08-22,2,833-8,833-8,,,
1344,2016-04-05,2,834-6,834-6,,,
1345,2017-03-16,2,835-4,835-4,,,
1346,2018-03-26,2,836-2,836-2,,,
1347,2018-04-16,2,837-0,837-0,,,
1348,2016-04-05,2,838-9,838-9,,,
1349,2018-04-19,2,839-7,839-7,,,
1350,2015-05-07,2,840-0,840-0,,,
1351,2015-10-08,2,840-0,840-0,,,
1352,2016-04-06,2,840-0,840-0,,,
1353,2016-08-11,2,840-0,840-0,,,
1354,2016-11-24,2,840-0,840-0,,,
1355,2017-09-11,2,840-0,840-0,,,
1356,2018-04-05,2,840-0,840-0,,,
1357,2018-08-07,2,840-0,840-0,,,
1358,2016-08-10,2,841-9,841-9,,,
1359,2015-05-07,2,842-7,842-7,,,
1360,2016-06-22,2,842-7,842-7,,,
1361,2017-03-16,2,842-7,842-7,,,
1362,2018-04-05,2,842-7,842-7,,,
1363,2018-03-28,2,843-5,843-5,,,
1364,2018-11-14,2,844-3,844-3,,,
1365,2019-03-26,2,844-3,844-3,,,
1366,2015-05-05,2,845-1,845-1,,,
1367,2016-08-12,2,845-1,845-1,,,
1368,2018-03-27,2,845-1,845-1,,,
1369,2018-08-03,2,845-1,845-1,,,
1370,2018-03-29,2,846-K,846-K,,,
1371,2019-08-21,2,847-8,847-8,,,
1372,2019-03-25,2,848-6,848-6,,,
1373,2018-04-19,2,849-4,849-4,,,
1374,2018-04-18,2,850-8,850-8,,,
1375,2019-03-28,2,850-8,850-8,,,
1376,2018-09-12,2,851-6,851-6,,,
1377,2016-06-22,2,852-4,852-4,,,
1378,2015-05-05,2,853-2,853-2,,,
1379,2015-10-07,2,853-2,853-2,,,
1380,2016-08-12,2,853-2,853-2,,,
1381,2016-08-11,2,854-0,854-0,,,
1382,2016-08-11,2,855-9,855-9,,,
1383,2016-11-21,2,855-9,855-9,,,
1384,2017-03-16,2,855-9,855-9,,,
1385,2018-03-27,2,856-7,856-7,,,
1386,2015-12-16,2,857-5,857-5,,,
1387,2016-01-14,2,858-3,858-3,,,
1388,2016-06-23,2,858-3,858-3,,,
1389,2018-04-19,2,858-3,858-3,,,
1390,2019-03-25,2,858-3,858-3,,,
1391,2015-05-06,2,859-1,859-1,,,
1392,2016-08-09,2,859-1,859-1,,,
1393,2018-08-02,2,860-5,860-5,,,
1394,2019-08-21,2,860-5,860-5,,,
1395,2018-04-19,2,861-3,861-3,,,
1396,2018-10-31,2,862-1,862-1,,,
1397,2016-01-14,2,863-K,863-K,,,
1398,2018-03-27,2,863-K,863-K,,,
1399,2015-05-05,2,864-8,864-8,,,
1400,2015-12-17,2,865-6,865-6,,,
1401,2018-03-26,2,866-4,866-4,,,
1402,2018-08-02,2,867-2,867-2,,,
1403,2017-03-16,2,868-0,868-0,,,
1404,2019-03-27,2,869-9,869-9,,,
1405,2018-03-26,2,870-2,870-2,,,
1406,2018-04-16,2,871-0,871-0,,,
1407,2018-04-17,2,872-9,872-9,,,
1408,2017-09-14,2,873-7,873-7,,,
1409,2018-03-26,2,873-7,873-7,,,
1410,2018-10-31,2,873-7,873-7,,,
1411,2015-05-07,2,874-5,874-5,,,
1412,2015-10-07,2,875-3,875-3,,,
1413,2016-08-10,2,876-1,876-1,,,
1414,2018-04-18,2,876-1,876-1,,,
1415,2015-05-07,2,877-K,877-K,,,
1416,2016-11-21,2,878-8,878-8,,,
1417,2016-04-07,2,879-6,879-6,,,
1418,2019-03-28,2,880-K,880-K,,,
1419,2017-03-16,2,881-8,881-8,,,
1420,2018-04-20,2,882-6,882-6,,,
1421,2018-09-12,2,882-6,882-6,,,
1422,2017-09-12,2,883-4,883-4,,,
1423,2018-03-28,2,883-4,883-4,,,
1424,2018-04-18,2,884-2,884-2,,,
1425,2018-08-08,2,884-2,884-2,,,
1426,2019-08-22,2,884-2,884-2,,,
1427,2018-03-29,2,885-0,885-0,,,
1428,2018-11-14,2,886-9,886-9,,,
1429,2017-03-16,2,887-7,887-7,,,
1430,2017-09-14,2,887-7,887-7,,,
1431,2016-06-23,2,888-5,888-5,,,
1432,2018-09-13,2,888-5,888-5,,,
1433,2019-03-25,2,888-5,888-5,,,
1434,2018-03-27,2,889-3,889-3,,,
1435,2019-04-10,2,889-3,889-3,,,
1436,2018-08-09,2,890-7,890-7,,,
1437,2016-11-24,2,891-5,891-5,,,
1438,2015-10-07,2,892-3,892-3,,,
1439,2016-06-22,2,892-3,892-3,,,
1440,2018-09-12,2,893-1,893-1,,,
1441,2015-05-05,2,894-K,894-K,,,
1442,2015-12-16,2,895-8,895-8,,,
1443,2019-09-12,2,896-6,896-6,,,
1444,2017-03-16,2,897-4,897-4,,,
1445,2015-10-07,2,898-2,898-2,,,
1446,2018-04-18,2,899-0,899-0,,,
1447,2019-03-28,2,900-8,900-8,,,
1448,2019-04-12,2,901-6,901-6,,,
1449,2015-12-16,2,902-4,902-4,,,
1450,2016-06-22,2,902-4,902-4,,,
1451,2018-03-27,2,902-4,902-4,,,
1452,2018-08-09,2,903-2,903-2,,,
1453,2015-05-07,2,904-0,904-0,,,
1454,2017-03-14,2,904-0,904-0,,,
1455,2017-09-12,2,904-0,904-0,,,
1456,2018-08-06,2,904-0,904-0,,,
1457,2016-11-22,2,905-9,905-9,,,
1458,2016-04-06,2,906-7,906-7,,,
1459,2016-08-12,2,906-7,906-7,,,
1460,2017-03-16,2,906-7,906-7,,,
1461,2016-06-23,2,907-5,907-5,,,
1462,2016-08-11,2,908-3,908-3,,,
1463,2016-06-23,2,909-1,909-1,,,
1464,2018-08-07,2,909-1,909-1,,,
1465,2015-06-04,2,910-5,910-5,,,
1466,2015-11-02,2,910-5,910-5,,,
1467,2015-05-04,2,911-3,911-3,,,
1468,2018-03-28,2,912-1,912-1,,,
1469,2017-03-16,2,913-K,913-K,,,
1470,2016-06-23,2,914-8,914-8,,,
1471,2016-08-12,2,915-6,915-6,,,
1472,2018-03-28,2,916-4,916-4,,,
1473,2018-08-06,2,917-2,917-2,,,
1474,2015-12-17,2,918-0,918-0,,,
1475,2015-05-06,2,919-9,919-9,,,
1476,2016-06-23,2,920-2,920-2,,,
1477,2018-04-18,2,921-0,921-0,,,
1478,2017-11-30,2,922-9,922-9,,,
1479,2016-08-11,2,923-7,923-7,,,
1480,2016-08-11,2,924-5,924-5,,,
1481,2019-03-28,2,925-3,925-3,,,
1482,2018-03-26,2,926-1,926-1,,,
1483,2016-04-06,2,927-K,927-K,,,
1484,2016-06-23,2,928-8,928-8,,,
1485,2018-08-02,2,929-6,929-6,,,
1486,2019-08-20,2,929-6,929-6,,,
1487,2018-03-28,2,930-K,930-K,,,
1488,2019-03-25,2,931-8,931-8,,,
1489,2019-08-22,2,931-8,931-8,,,
1490,2019-08-20,2,932-6,932-6,,,
1491,2018-03-27,2,933-4,933-4,,,
1492,2018-08-02,2,933-4,933-4,,,
1493,2018-08-09,2,934-2,934-2,,,
1494,2018-08-02,2,935-0,935-0,,,
1495,2016-08-12,2,936-9,936-9,,,
1496,2019-09-12,2,937-7,937-7,,,
1497,2017-09-11,2,938-5,938-5,,,
1498,2016-04-05,2,939-3,939-3,,,
1499,2015-05-05,2,940-7,940-7,,,
1500,2016-01-14,2,940-7,940-7,,,
1501,2017-12-01,2,940-7,940-7,,,
1502,2018-04-18,2,941-5,941-5,,,
1503,2018-08-08,2,941-5,941-5,,,
1504,2019-03-26,2,942-3,942-3,,,
1505,2015-05-06,2,943-1,943-1,,,
1506,2017-03-16,2,944-K,944-K,,,
1507,2017-09-11,2,944-K,944-K,,,
1508,2018-03-29,2,944-K,944-K,,,
1509,2018-08-02,2,944-K,944-K,,,
1510,2016-06-22,2,945-8,945-8,,,
1511,2016-06-23,2,945-8,945-8,,,
1512,2018-08-02,2,946-6,946-6,,,
1513,2019-03-25,2,946-6,946-6,,,
1514,2018-03-27,2,947-4,947-4,,,
1515,2018-03-28,2,948-2,948-2,,,
1516,2018-08-08,2,949-0,949-0,,,
1517,2015-10-08,2,950-4,950-4,,,
1518,2019-03-28,2,951-2,951-2,,,
1519,2019-03-25,2,952-0,952-0,,,
1520,2019-08-20,2,952-0,952-0,,,
1521,2016-11-24,2,953-9,953-9,,,
1522,2015-05-05,2,954-7,954-7,,,
1523,2015-10-08,2,954-7,954-7,,,
1524,2016-04-05,2,954-7,954-7,,,
1525,2016-08-12,2,954-7,954-7,,,
1526,2017-12-01,2,955-5,955-5,,,
1527,2018-04-18,2,956-3,956-3,,,
1528,2019-09-11,2,956-3,956-3,,,
1529,2015-11-02,2,957-1,957-1,,,
1530,2016-04-05,2,957-1,957-1,,,
1531,2019-08-20,2,958-K,958-K,,,
1532,2016-08-12,2,959-8,959-8,,,
1533,2017-09-11,2,959-8,959-8,,,
1534,2019-04-11,2,959-8,959-8,,,
1535,2016-08-11,2,960-1,960-1,,,
1536,2017-03-15,2,960-1,960-1,,,
1537,2017-11-30,2,960-1,960-1,,,
1538,2018-03-28,2,960-1,960-1,,,
1539,2019-08-21,2,961-K,961-K,,,
1540,2019-04-11,2,962-8,962-8,,,
1541,2018-04-20,2,963-6,963-6,,,
1542,2019-03-27,2,964-4,964-4,,,
1543,2018-10-31,2,965-2,965-2,,,
1544,2017-11-30,2,966-0,966-0,,,
1545,2018-03-28,2,966-0,966-0,,,
